1;PSJ;PSJ
1;AAA;AAA
1;BBB;BBB
1;CCC;CCC
1;DDD;DDD
1;EEE;EEE
1;ALEJANDRO;ALE
2;PSJ;PSJ
2;AAA;AAA
2;BBB;BBB
2;CCC;CCC
2;DDD;DDD
2;EEE;EEE
2;ALEJANDRO;ALE
3;PSJ;PSJ
3;AAA;AAA
3;BBB;BBB
3;CCC;CCC
3;DDD;DDD
3;EEE;EEE
3;ALEJANDRO;ALE
4;PSJ;PSJ
4;AAA;AAA
4;BBB;BBB
4;CCC;CCC
4;DDD;DDD
4;EEE;EEE
4;ALEJANDRO;ALE
5;PSJ;PSJ
5;AAA;AAA
5;BBB;BBB
5;CCC;CCC
5;DDD;DDD
5;EEE;EEE
5;ALEJANDRO;ALE
6;PSJ;PSJ
6;AAA;AAA
6;BBB;BBB
6;CCC;CCC
6;DDD;DDD
6;EEE;EEE
6;ALEJANDRO;ALE
123;PSJ;PSJ
123;AAA;AAA
123;BBB;BBB
123;CCC;CCC
123;DDD;DDD
123;EEE;EEE
123;ALEJANDRO;ALE
